Id,Designator,Package,Designation,,Item Name,Part Number,,,Vendor,Quantity,Cost Per Item,,Cost,URL,Comments
,"Q1,Q2",SOT-23,Q_NMOS_DGS,,N-MOSFET,FDD9409L-F085OSCT-ND,,,Digikey,2,1.73,,,https://www.digikey.com/product-detail/en/on-semiconductor/FDD9409L-F085/FDD9409L-F085OSCT-ND/9086513,
,,,,,,,,,,,,,,,
,"C1,C2,C4,C5",C_0603_1608Metric_Pad1.05x0.95mm_HandSolder,.1uF,,Capacitor,1276-1005-1-ND,,,Digikey,4,0.1,,,https://www.digikey.com/product-detail/en/samsung-electro-mechanics/CL10B104KO8NNNC/1276-1005-1-ND/3889091,
,"C3,C6",C_0603_1608Metric_Pad1.05x0.95mm_HandSolder,10uF,,Capacitor,1276-1119-1-ND,,,Digikey,2,0.15,,,https://www.digikey.com/product-detail/en/samsung-electro-mechanics/CL10A106MQ8NNNC/1276-1119-1-ND/3889205,
,,,,,,,,,,,,,,,
,Conn1,Anderson_2_Horisontal_Side_by_Side,AndersonPP,,Molex SL,1327G6,,,Powerwerx,1,0.37,,,https://powerwerx.com/anderson-powerpole-colored-housings,
,Conn2,MOLEX_SL_03_Horizontal,MoCo 1,,Molex SL,WM4901-ND,,,Digikey,1,1.12,,,https://www.digikey.com/products/en?keywords=WM4901-ND,
,Conn3,MOLEX_SL_03_Horizontal,MoCo 2,,Molex SL,WM4901-ND,,,Digikey,1,1.12,,,https://www.digikey.com/products/en?keywords=WM4901-ND,
,Conn4,MOLEX_SL_02_Horizontal,Laser 1,,Molex SL,WM4900-ND,,,Digikey,1,0.72,,,https://www.digikey.com/products/en?keywords=WM4900-ND,
,Conn5,MOLEX_SL_02_Horizontal,Laser 2,,Molex SL,WM4900-ND,,,Digikey,1,0.72,,,https://www.digikey.com/products/en?keywords=WM4900-ND,
,Conn6,MOLEX_SL_02_Horizontal,Solenoid,,Molex SL,WM4900-ND,,,Digikey,1,0.72,,,https://www.digikey.com/products/en?keywords=WM4900-ND,
,Conn7,MOLEX_SL_03_Horizontal,Servo 1,,Molex SL,WM4901-ND,,,Digikey,1,0.92,,,https://www.digikey.com/products/en?keywords=WM4901-ND,
,Conn8,MOLEX_SL_03_Horizontal,Servo 2,,Molex SL,WM4901-ND,,,Digikey,1,1.12,,,https://www.digikey.com/products/en?keywords=WM4901-ND,
,Conn9,MOLEX_SL_03_Horizontal,Servo 3,,Molex SL,WM4901-ND,,,Digikey,1,1.12,,,https://www.digikey.com/products/en?keywords=WM4901-ND,
,Conn10,Anderson_3_Horisontal_Side_by_Side,AndersonPP,,Molex SL,1327G16,,,Powerwerx,1,0.39,,,https://powerwerx.com/anderson-powerpole-colored-housings,
,"Conn11,Conn12",Anderson_3_Horisontal_Side_by_Side,AndersonPP,,Molex SL,1327,,,Powerwerx,1,0.37,,,https://powerwerx.com/anderson-powerpole-colored-housings,
,,,,,,,,,,,,,,,
,"R1,R3",R_0603_1608Metric_Pad1.05x0.95mm_HandSolder,1.5k,,Resistor,RHM1.5KAECT-ND,,,Digikey,2,0.1,,,https://www.digikey.com/product-detail/en/rohm-semiconductor/ESR03EZPJ152/RHM1.5KDCT-ND/1983780,
,"R4,R5,R6,R7,R8,R9,R10,R2,R11,R12,R13,R14",R_0603_1608Metric_Pad1.05x0.95mm_HandSolder,500,,Resistor,RHM510DCT-ND,,,Digikey,12,0.1,,,https://www.digikey.com/product-detail/en/rohm-semiconductor/ESR03EZPJ511/RHM510DCT-ND/1762937,
,,,,,,,,,,,,,,,
,L1,ETQ-P4M470YFN_Inductor,47uH,,Inductor,P17078CT-ND,,,Digikey,1,1.6,,,https://www.digikey.com/product-detail/en/panasonic-electronic-components/ETQ-P4M470YFN/P17078CT-ND/5155677,
,,,,,,,,,,,,,,,
,U1,TM4C129E_Launchpad_FULL_ext,TM4C129E_Launchpad,,Tiva Launchpad,296-37267-ND,,,Digikey,1,20.76,,,https://www.digikey.com/products/en?keywords=296-37267-ND,
,U2,SOIC_16_3.9x9.9mm_Pitch1.27mm,MAX_3232,,MAX3232CDR,296-13094-1-ND,,,Digikey,1,1.89,,,https://www.digikey.com/product-detail/en/texas-instruments/MAX3232CDR/296-13094-1-ND/484464,
,U3,SOIC-8_3.9x4.9mm_P1.27mm,AP1059,,5V,AP1509-33SGDICT-ND,,,,1,1.43,,,https://www.digikey.com/product-detail/en/diodes-incorporated/AP1509-50SG-13/AP1509-50SGDICT-ND/1301653,
,,,,,,,,,,,,,,,
,D2,LED_0603_1608Metric_Pad1.05x0.95mm_HandSolder,D_Schottky,,Diode,478-7798-1-ND,,,Digikey,1,0.46,,,https://www.digikey.com/product-detail/en/avx-corporation/SD0603S040S0R2/478-7798-1-ND/3749483,
,"D4,D5,D6,D7,D8,D9,D10",LED_0603_1608Metric_Pad1.05x0.95mm_HandSolder,YellowLED,,Yellow 0603,160-1448-1-ND,,,Digikey,7,0.31,,,https://www.digikey.com/product-detail/en/lite-on-inc/LTST-C191KSKT/160-1448-1-ND/386838,
,"D1,D3",LED_0603_1608Metric_Pad1.05x0.95mm_HandSolder,OrangeLED,,Orange 0603,160-1445-1-ND,,,Digikey,2,0.27,,,https://www.digikey.com/product-detail/en/lite-on-inc/LTST-C191KFKT/160-1445-1-ND/386832,
,D15,LED_0603_1608Metric_Pad1.05x0.95mm_HandSolder,RedLED,,Red 0603,160-1447-1-ND,,,Digikey,1,0.29,,,https://www.digikey.com/product-detail/en/lite-on-inc/LTST-C191KRKT/160-1447-1-ND/386836,
,D11,LED_0603_1608Metric_Pad1.05x0.95mm_HandSolder,GreenLED,,Green 0603,160-1446-1-ND,,,Digikey,1,0.29,,,https://www.digikey.com/product-detail/en/lite-on-inc/LTST-C191KGKT/160-1446-1-ND/386834,
,"D12,D13,D14",LED_0603_1608Metric_Pad1.05x0.95mm_HandSolder,BlueLED,,Blue 0603,160-1647-1-ND,,,Digikey,3,0.53,,,https://www.digikey.com/product-detail/en/lite-on-inc/LTST-C191TBKT/160-1647-1-ND/573587,